Model,Accuracy,Precision,Recall,F1_Score
Logistic Regression,0.8741406663141195,0.8600911190928249,0.8741406663141195,0.8556128180432537
Random Forest,0.9613960867265997,0.9606589267537006,0.9613960867265997,0.9602798041607454
